,L1_ID,L1_Name,L2_ID,L2_Name,L3_ID,L3_Name
0,F1600000,Fresh Food,F21600000,Dairy & Eggs,F21630200,Cheese & Labneh
1,F1600000,Fresh Food,F21600000,Dairy & Eggs,F21630500,Milk & Laban
2,F1600000,Fresh Food,F21600000,Dairy & Eggs,F21630400,Eggs
3,F1600000,Fresh Food,F21600000,Dairy & Eggs,F21630600,Yoghurt
4,F1600000,Fresh Food,F21600000,Dairy & Eggs,F21630100,Butter & Margarine
5,F1600000,Fresh Food,F21600000,Dairy & Eggs,F21630300,Cream
6,F1600000,Fresh Food,F21600000,Dairy & Eggs,F21680100,Ready To Cook
7,F1600000,Fresh Food,F21600000,Dairy & Eggs,F21630700,Chilled Desserts
8,F1600000,Fresh Food,F1670000,Meat & Poultry,F1670300,Chicken
9,F1600000,Fresh Food,F1670000,Meat & Poultry,F1670200,Beef
10,F1600000,Fresh Food,F1670000,Meat & Poultry,F1670400,Lamb
11,F1600000,Fresh Food,F1670000,Meat & Poultry,F1670800,Veal
12,F1600000,Fresh Food,F1670000,Meat & Poultry,F1670700,Offals
13,F1600000,Fresh Food,F1670000,Meat & Poultry,F1670600,Turkey
14,F1600000,Fresh Food,F1640000,Fish & Seafood,F1640100,Fish
15,F1600000,Fresh Food,F1640000,Fish & Seafood,F1640200,Seafood
16,F1600000,Fresh Food,F1620000,Chilled Food Counter,F1620100,Cold Cuts & Meat Snacks
17,F1600000,Fresh Food,F1620000,Chilled Food Counter,F1620300,Olives & Antipasti
18,F1600000,Fresh Food,F1620000,Chilled Food Counter,F1620500,Seafood & Caviar
19,F1600000,Fresh Food,F1620000,Chilled Food Counter,F1620200,"Dips, Spreads & Pâté"
20,F1600000,Fresh Food,F1620000,Chilled Food Counter,F1620800,Vegan
21,F1600000,Fresh Food,F1650000,Food To Go,F1650200,Salads & Soup
22,F1600000,Fresh Food,F1650000,Food To Go,F1620400,Ready Meals
23,F1600000,Fresh Food,F1650000,Food To Go,F1650100,Appetizers & Bites
24,F1600000,Fresh Food,F1650000,Food To Go,F1650300,Sushi & Sashimi
25,F11600000,Fruits & Vegetables,F11660100,Fruits,F11660104,Berries
26,F11600000,Fruits & Vegetables,F11660100,Fruits,F11660123,Banana
27,F11600000,Fruits & Vegetables,F11660100,Fruits,F11660101,Apple
28,F11600000,Fruits & Vegetables,F11660100,Fruits,F11660105,Exotic Fruit
29,F11600000,Fruits & Vegetables,F11660100,Fruits,F11660103,Orange
30,F11600000,Fruits & Vegetables,F11660100,Fruits,F11660117,Grapes
31,F11600000,Fruits & Vegetables,F11660100,Fruits,F11660119,Clementine & Mandarin
32,F11600000,Fruits & Vegetables,F11660100,Fruits,F11660121,Lemon & Lime
33,F11600000,Fruits & Vegetables,F11660100,Fruits,F11660118,Melon
34,F11600000,Fruits & Vegetables,F11660100,Fruits,F11660111,Dates
35,F11600000,Fruits & Vegetables,F11660100,Fruits,F11660113,Mango
36,F11600000,Fruits & Vegetables,F11660100,Fruits,F11660114,Pineapple
37,F11600000,Fruits & Vegetables,F11660100,Fruits,F11660112,Kiwi
38,F11600000,Fruits & Vegetables,F11660100,Fruits,F11660125,Avocado
39,F11600000,Fruits & Vegetables,F11660100,Fruits,F11660106,Packed Fruits
40,F11600000,Fruits & Vegetables,F11660100,Fruits,F11660122,Pears
41,F11600000,Fruits & Vegetables,F11660100,Fruits,F11660108,Apricot & Plums
42,F11600000,Fruits & Vegetables,F11660100,Fruits,F11660120,Grapefruit & Pomelo
43,F11600000,Fruits & Vegetables,F11660100,Fruits,F11660116,Cherries
44,F11600000,Fruits & Vegetables,F11660100,Fruits,F11660124,Pomegranate
45,F11600000,Fruits & Vegetables,F11660100,Fruits,F11660107,Seed Fruit
46,F11600000,Fruits & Vegetables,F11660500,Vegetables,F11660502,Tomato
47,F11600000,Fruits & Vegetables,F11660500,Vegetables,F11660506,Potato
48,F11600000,Fruits & Vegetables,F11660500,Vegetables,F11660504,Cabbage
49,F11600000,Fruits & Vegetables,F11660500,Vegetables,F11660503,Salads
50,F11600000,Fruits & Vegetables,F11660500,Vegetables,F11660513,Cucumber
51,F11600000,Fruits & Vegetables,F11660500,Vegetables,F11660501,Capsicum & Chilli
52,F11600000,Fruits & Vegetables,F11660500,Vegetables,F11660507,Onion & Shalots
53,F11600000,Fruits & Vegetables,F11660500,Vegetables,F116605021,Packed Leaves & Salad
54,F11600000,Fruits & Vegetables,F11660500,Vegetables,F11660510,Mushrooms
55,F11600000,Fruits & Vegetables,F11660500,Vegetables,F11660512,Carrot
56,F11600000,Fruits & Vegetables,F11660500,Vegetables,F11660514,Garlic & Ginger
57,F11600000,Fruits & Vegetables,F11660500,Vegetables,F116605022,Cut Vegetables
58,F11600000,Fruits & Vegetables,F11660500,Vegetables,F11660511,Zucchini
59,F11600000,Fruits & Vegetables,F11660500,Vegetables,F11660505,Beans & Peas
60,F11600000,Fruits & Vegetables,F11660500,Vegetables,F116605017,Eggplant
61,F11600000,Fruits & Vegetables,F11660200,Herbs,F11660201,Fresh Herbs
62,F11600000,Fruits & Vegetables,F11660700,Hydroponic Farming,F11660701,Hydroponic Farming
63,F1700000,Food Cupboard,F1760000,Cooking Ingredients,F1760400,Oils & Ghee
64,F1700000,Food Cupboard,F1760000,Cooking Ingredients,F1760300,"Herbs, Spices & Seasoning"
65,F1700000,Food Cupboard,F1760000,Cooking Ingredients,F1760100,Cooking Sauces & Pastes
66,F1700000,Food Cupboard,F1760000,Cooking Ingredients,F1760600,Gravy & Stock
67,F1700000,Food Cupboard,F1760000,Cooking Ingredients,F1760500,Breadcrumbs
68,F1700000,Food Cupboard,F1701200,"Rice, Pasta & Pulses",F1701240,Rice
69,F1700000,Food Cupboard,F1701200,"Rice, Pasta & Pulses",F1701220,Pasta
70,F1700000,Food Cupboard,F1701200,"Rice, Pasta & Pulses",F1701230,"Pulses, Grains & Couscous"
71,F1700000,Food Cupboard,F1740000,Chocolate & Confectionery,F1740200,Chocolates
72,F1700000,Food Cupboard,F1740000,Chocolate & Confectionery,F1740100,Candy
73,F1700000,Food Cupboard,F1740000,Chocolate & Confectionery,F1740300,Gums & Mints
74,F1700000,Food Cupboard,F1714000,"Tins, Jars & Packets",F1714900,Tuna & Seafood
75,F1700000,Food Cupboard,F1714000,"Tins, Jars & Packets",F1714100,Canned Vegetables
76,F1700000,Food Cupboard,F1714000,"Tins, Jars & Packets",F1714800,Soup & Instant Noodles
77,F1700000,Food Cupboard,F1714000,"Tins, Jars & Packets",F1714600,Powdered Milk
78,F1700000,Food Cupboard,F1714000,"Tins, Jars & Packets",F1714400,Pickles & Olives
79,F1700000,Food Cupboard,F1714000,"Tins, Jars & Packets",F1714200,Coconut Milk
80,F1700000,Food Cupboard,F1714000,"Tins, Jars & Packets",F1714300,Canned Fruits
81,F1700000,Food Cupboard,F1714000,"Tins, Jars & Packets",F1714211,Coconut Powder
82,F1700000,Food Cupboard,F1714000,"Tins, Jars & Packets",F1714212,Coconut Cream
83,F1700000,Food Cupboard,F1714000,"Tins, Jars & Packets",F1714500,Canned Meat
84,F1700000,Food Cupboard,F1701300,Sugar & Home Baking,F1701320,Baking Ingredients
85,F1700000,Food Cupboard,F1701300,Sugar & Home Baking,F1701350,Sugar & Sweeteners
86,F1700000,Food Cupboard,F1701300,Sugar & Home Baking,F1701360,Flour & Bread Mixes
87,F1700000,Food Cupboard,F1701300,Sugar & Home Baking,F1701340,Condensed Milk
88,F1700000,Food Cupboard,F1710000,"Biscuits, Crackers & Cakes",F1710700,Premuim Biscuits
89,F1700000,Food Cupboard,F1710000,"Biscuits, Crackers & Cakes",F1710100,"Cakes,Cupcake & Muffins"
90,F1700000,Food Cupboard,F1710000,"Biscuits, Crackers & Cakes",F1710200,Coated Biscuits & Wafers
91,F1700000,Food Cupboard,F1710000,"Biscuits, Crackers & Cakes",F1710300,Crackers & Crispbread
92,F1700000,Food Cupboard,F1710000,"Biscuits, Crackers & Cakes",F1710400,Digestives & Assorted Biscuits
93,F1700000,Food Cupboard,F1710000,"Biscuits, Crackers & Cakes",F1710500,Filled Biscuits
94,F1700000,Food Cupboard,F1710000,"Biscuits, Crackers & Cakes",F1710600,Rusk
95,F1700000,Food Cupboard,F1720000,Breakfast Cereals & Bars,F1720200,Cereals
96,F1700000,Food Cupboard,F1720000,Breakfast Cereals & Bars,F1720400,Oats
97,F1700000,Food Cupboard,F1720000,Breakfast Cereals & Bars,F1720300,Granola
98,F1700000,Food Cupboard,F1720000,Breakfast Cereals & Bars,F1720500,Muesli
99,F1700000,Food Cupboard,F1720000,Breakfast Cereals & Bars,F1720100,Puffs
100,F1700000,Food Cupboard,F1730000,"Chips, Dips & Snacks",F1730200,Chips
101,F1700000,Food Cupboard,F1730000,"Chips, Dips & Snacks",F1730100,Canister & Puffs
102,F1700000,Food Cupboard,F1730000,"Chips, Dips & Snacks",F1730300,Tortilla & Nacho
103,F1700000,Food Cupboard,F1730000,"Chips, Dips & Snacks",F1730400,Pop Corn
104,F1700000,Food Cupboard,F1780000,"Nuts, Dates & Dried Fruits",F1780300,Dried Fruits
105,F1700000,Food Cupboard,F1780000,"Nuts, Dates & Dried Fruits",F1780200,Nuts & Seeds
106,F1700000,Food Cupboard,F1780000,"Nuts, Dates & Dried Fruits",F1780100,Dates
107,F1700000,Food Cupboard,F1770000,"Jams, Honey & Spreads",F1700100,Spreadables
108,F1700000,Food Cupboard,F1770000,"Jams, Honey & Spreads",F1700200,Honey
109,F1700000,Food Cupboard,F1770000,"Jams, Honey & Spreads",F1700300,Jams
110,F1700000,Food Cupboard,F1790000,World Specialities,F1790600,Philippines
111,F1700000,Food Cupboard,F1790000,World Specialities,F1790400,Mexican
112,F1700000,Food Cupboard,F1790000,World Specialities,F1790024,Korean Food
113,F1700000,Food Cupboard,F1790000,World Specialities,F1790200,Indian Food
114,F1700000,Food Cupboard,F1790000,World Specialities,F1790160,Eastern Europe
115,F1700000,Food Cupboard,F1790000,World Specialities,F1790900,Thai Food
116,F1700000,Food Cupboard,F1790000,World Specialities,F1790180,Italy
117,F1700000,Food Cupboard,F1790000,World Specialities,F1790021,USA
118,F1700000,Food Cupboard,F1790000,World Specialities,F1790700,Chinese Food
119,F1700000,Food Cupboard,F1790000,World Specialities,F1790999,South African Food
120,F1700000,Food Cupboard,F1790000,World Specialities,F1790170,French
121,F1700000,Food Cupboard,F1790000,World Specialities,F1790140,UK
122,F1700000,Food Cupboard,F1790000,World Specialities,F1790020,Bangladesh
123,F1700000,Food Cupboard,F1790000,World Specialities,F1790025,Japanese Food
124,F1700000,Food Cupboard,F1750000,"Condiments, Dressings & Marinades",F1750100,Sauces & Condiments
125,F1700000,Food Cupboard,F1750000,"Condiments, Dressings & Marinades",F1750200,Salad Dressings & Vinaigrettes
126,F1500000,Beverages,F1570000,Water,F1570400,Still Water
127,F1500000,Beverages,F1570000,Water,F1570300,Mineral Water
128,F1500000,Beverages,F1570000,Water,F1570200,Sparkling Water
129,F1500000,Beverages,F1570000,Water,F1570600,Alkaline Water
130,F1500000,Beverages,F1570000,Water,F1570100,Flavoured Water
131,F1500000,Beverages,F1570000,Water,F1570700,Kids Water
132,F1500000,Beverages,F1550000,Soft Drinks,F1550100,Carbonated Drinks
133,F1500000,Beverages,F1550000,Soft Drinks,F1550200,"Vitamins, Sports & Energy Drinks"
134,F1500000,Beverages,F1510000,Coffee,F1510500,Instant Coffee & Sachets
135,F1500000,Beverages,F1510000,Coffee,F1510600,Capsules
136,F1500000,Beverages,F1510000,Coffee,F1510300,Ground Coffee & Beans
137,F1500000,Beverages,F1510000,Coffee,F1510700,Coffee Drinks
138,F1500000,Beverages,F1510000,Coffee,F1510200,Decaffeinated Coffee
139,F1500000,Beverages,F1510000,Coffee,F1510900,Pods
140,F1500000,Beverages,F1520000,Juices,F1520100,Freshly Squeezed Juices
141,F1500000,Beverages,F1520000,Juices,F1520200,Long Life Juices & Smoothies
142,F1500000,Beverages,F1520000,Juices,F1520300,Syrups & Concentrate
143,F1500000,Beverages,F1520000,Juices,F1520400,Coconut & Flavored Water
144,F1500000,Beverages,F1560000,Tea,F1560200,Loose Leaf & Tea Bags
145,F1500000,Beverages,F1560000,Tea,F1560100,Iced Tea
146,F1500000,Beverages,F1560000,Tea,F1560300,Tea Sachets
147,F1500000,Beverages,F1530000,Kids Drinks,F1530100,Kids Juices
148,F1500000,Beverages,F1540000,Powdered Drinks,F1540200,Hot Chocolate & Melts
149,F1500000,Beverages,F1540000,Powdered Drinks,F1540300,Nourishing & Healthy Instant
150,F1500000,Beverages,F1540000,Powdered Drinks,F1540100,Powdered Juices
151,F6000000,Frozen Food,F6010000,Frozen Fish & Seafood,F6010100,Frozen Fish
152,F6000000,Frozen Food,F6010000,Frozen Fish & Seafood,F6010200,Seafoods
153,F6000000,Frozen Food,F6020000,Frozen Fruits & Vegetables,F6020100,Frozen Vegetables
154,F6000000,Frozen Food,F6020000,Frozen Fruits & Vegetables,F6020200,Frozen Fruits
155,F6000000,Frozen Food,F6030000,Ice,F6030100,Ice Cubes
156,F6000000,Frozen Food,F6040000,Ice Cream & Desserts,F6040100,Desserts
157,F6000000,Frozen Food,F6040000,Ice Cream & Desserts,F6040200,Ice cream Cakes
158,F6000000,Frozen Food,F6040000,Ice Cream & Desserts,F6040300,"Ice cream Cones, Bars & Lollies"
159,F6000000,Frozen Food,F6040000,Ice Cream & Desserts,F6040400,Ice cream Cups & Tubs
160,F6000000,Frozen Food,F6040000,Ice Cream & Desserts,F6040500,Sorbet & Frozen Yoghurt
161,F6000000,Frozen Food,F6050000,Frozen Meat & Poultry,F6050100,Frozen Beef
162,F6000000,Frozen Food,F6050000,Frozen Meat & Poultry,F6050300,Frozen Chicken
163,F6000000,Frozen Food,F6050000,Frozen Meat & Poultry,F6050400,Duck & Quail
164,F6000000,Frozen Food,F6050000,Frozen Meat & Poultry,F6050500,Lamb & Mutton
165,F6000000,Frozen Food,F6050000,Frozen Meat & Poultry,F6050600,Offal & Variety Meats
166,F6000000,Frozen Food,F6050000,Frozen Meat & Poultry,F6050700,Frozen Turkey
167,F6000000,Frozen Food,F6060000,Ready Meals & Appetizers,F6060100,Breaded Chicken
168,F6000000,Frozen Food,F6060000,Ready Meals & Appetizers,F6060110,"Kebabs, Kibbeh, Tikka & Meatballs"
169,F6000000,Frozen Food,F6060000,Ready Meals & Appetizers,F6060200,Breaded Seafood & Fish Balls
170,F6000000,Frozen Food,F6060000,Ready Meals & Appetizers,F6060300,Breads & Bagels
171,F6000000,Frozen Food,F6060000,Ready Meals & Appetizers,F6060400,"Burgers, Franks & Wings"
172,F6000000,Frozen Food,F6060000,Ready Meals & Appetizers,F6060500,"French Fries, Wedges & Hash Browns"
173,F6000000,Frozen Food,F6060000,Ready Meals & Appetizers,F6060600,"Parathas, Chapatis & Wraps"
174,F6000000,Frozen Food,F6060000,Ready Meals & Appetizers,F6060700,"Pizzas, Pies & Pastries"
175,F6000000,Frozen Food,F6060000,Ready Meals & Appetizers,F6060800,Puff Pastry Sheets & Dough
176,F6000000,Frozen Food,F6060000,Ready Meals & Appetizers,F6060900,"Samosas, Spring Rolls & Dumplings"
177,F6000000,Frozen Food,F6060000,Ready Meals & Appetizers,F6061000,Vegetarian Bites & Paneer
178,F6000000,Frozen Food,F6060000,Ready Meals & Appetizers,F6061100,Ready Meals
179,F1610000,Bakery,F1610100,"Arabic Bread, Wraps & Flatbreads",F1610101,Arabic Flatbread
180,F1610000,Bakery,F1610100,"Arabic Bread, Wraps & Flatbreads",F1610102,Other Ethnic Bread
181,F1610000,Bakery,F1610100,"Arabic Bread, Wraps & Flatbreads",F1610103,Wraps
182,F1610000,Bakery,F1610100,"Arabic Bread, Wraps & Flatbreads",F1610104,Local White Bread
183,F1610000,Bakery,F1610100,"Arabic Bread, Wraps & Flatbreads",F1610107,Manakish
184,F1610000,Bakery,F1610200,Sweets,F1610201,Arabic Sweets
185,F1610000,Bakery,F1610200,Sweets,F1610202,Indian Sweets
186,F1610000,Bakery,F1610200,Sweets,F1610203,"Crackers,Kaak & Mamoul"
187,F1610000,Bakery,F1610300,Bread & Rolls,F1610301,White Sliced Bread
188,F1610000,Bakery,F1610300,Bread & Rolls,F1610302,Brown Sliced Bread
189,F1610000,Bakery,F1610300,Bread & Rolls,F1610303,Specialities Bread
190,F1610000,Bakery,F1610300,Bread & Rolls,F1610304,Buns & Rolls
191,F1610000,Bakery,F1610300,Bread & Rolls,F1610305,Milk Sliced Bread
192,F1610000,Bakery,F1610300,Bread & Rolls,F1610306,Diet & Protein Bread
193,F1610000,Bakery,F1610300,Bread & Rolls,F1610307,White Bread
194,F1610000,Bakery,F1610300,Bread & Rolls,F1610308,Protein Bread
195,F1610000,Bakery,F1610300,Bread & Rolls,F1610309,Fougasses
196,F1610000,Bakery,F1610300,Bread & Rolls,F1610310,Sandwich Bread
197,F1610000,Bakery,F1610300,Bread & Rolls,F1610311,Special Bread
198,F1610000,Bakery,F1610300,Bread & Rolls,F1610315,Turkish Bread
199,F1610000,Bakery,F1610400,Crackers & Bread Sticks,F1610401,Dry Bread Products
200,F1610000,Bakery,F1610500,"Croissants, Pastries & Cakes",F1610501,Sweet Products
201,F1610000,Bakery,F1610500,"Croissants, Pastries & Cakes",F1610502,Salted Products
202,F1610000,Bakery,F1610500,"Croissants, Pastries & Cakes",F1610503,Ethnic Pastry
203,F1610000,Bakery,F1610500,"Croissants, Pastries & Cakes",F1610506,"Crepes, Waffles & Pancakes"
204,F1610000,Bakery,F1610500,"Croissants, Pastries & Cakes",F1610508,Croissants & Rolls
205,F1610000,Bakery,F1610500,"Croissants, Pastries & Cakes",F1610511,Individual Pastries
206,F1610000,Bakery,F1610500,"Croissants, Pastries & Cakes",F1610512,Big Cakes
207,F1610000,Bakery,F1610500,"Croissants, Pastries & Cakes",F1610513,Tarts
208,F1610000,Bakery,F1610500,"Croissants, Pastries & Cakes",F1610514,Filipino range
209,F1610000,Bakery,F1610500,"Croissants, Pastries & Cakes",F1610515,Dry Cakes
210,F1610000,Bakery,F1610600,"Donuts, Cookies & Muffins",F1610601,Cookies
211,F1610000,Bakery,F1610600,"Donuts, Cookies & Muffins",F1610602,Donuts
212,F1200000,Bio & Organic Food,F1200400,Organic Food Cupboard,F1200481,Organic Healthcare & Nutrition
213,F1200000,Bio & Organic Food,F1200400,Organic Food Cupboard,F1200410,Breakfast Cereal & Bars
214,F1200000,Bio & Organic Food,F1200400,Organic Food Cupboard,F1200430,"Jam, Honey & Spreads"
215,F1200000,Bio & Organic Food,F1200400,Organic Food Cupboard,F1200433,Organic Home Baking
216,F1200000,Bio & Organic Food,F1200400,Organic Food Cupboard,F1200444,Organic Sauces & Condiment
217,F1200000,Bio & Organic Food,F1200400,Organic Food Cupboard,F1200450,Food Cooking Ingredients
218,F1200000,Bio & Organic Food,F1200400,Organic Food Cupboard,F1200455,"Organic Jars, Tins & Packets"
219,F1200000,Bio & Organic Food,F1200400,Organic Food Cupboard,F1200466,Organic & Bio Ethnic
220,F1200000,Bio & Organic Food,F1200400,Organic Food Cupboard,F1200477,"Organic Rice, Pasta & Noodles"
221,F1200000,Bio & Organic Food,F1200400,Organic Food Cupboard,F1200488,Organic & Bio Snaking
222,F1200000,Bio & Organic Food,F1200600,"Organic Meat, Fish & Poultry",F1200601,Organic Chicken
223,F1200000,Bio & Organic Food,F1200600,"Organic Meat, Fish & Poultry",F1200602,Organic Turkey
224,F1200000,Bio & Organic Food,F1200600,"Organic Meat, Fish & Poultry",F1200603,Organic Beef
225,F1200000,Bio & Organic Food,F1200600,"Organic Meat, Fish & Poultry",F1200604,Organic Lamb
226,F1200000,Bio & Organic Food,F1200600,"Organic Meat, Fish & Poultry",F1200606,Organic Fish
227,F1200000,Bio & Organic Food,F1200700,Organic Drinks,F1200701,Organic Juices
228,F1200000,Bio & Organic Food,F1200700,Organic Drinks,F1200702,Organic Tea
229,F1200000,Bio & Organic Food,F1200700,Organic Drinks,F1200703,Coffee & Nourishing
230,F1200000,Bio & Organic Food,F1200700,Organic Drinks,F1200704,Organic Smoothies & Fruit Snacks
231,F1200000,Bio & Organic Food,F1200900,Organic Frozen Products,F1200902,Organic  Starters
232,F1200000,Bio & Organic Food,F1200900,Organic Frozen Products,F1200904,Organic Vegetables
233,F1200000,Bio & Organic Food,F1201000,Organic Baby Food,F1201001,Organic Beverages
234,F1200000,Bio & Organic Food,F1201000,Organic Baby Food,F1201002,Organic Cereals & Rusks
235,F1200000,Bio & Organic Food,F1201000,Organic Baby Food,F1201003,Organic Mashmeal
236,F1200000,Bio & Organic Food,F1201000,Organic Baby Food,F1201005,Organic  Milk
237,F1200000,Bio & Organic Food,F1201000,Organic Baby Food,F1201006,Pregnancy Milk
238,F1200000,Bio & Organic Food,F1205000,Organic Dairy Products,F1205010,Organic Margarine & Butter
239,F1200000,Bio & Organic Food,F1205000,Organic Dairy Products,F1205020,Organic Cheese
240,F1200000,Bio & Organic Food,F1205000,Organic Dairy Products,F1205050,Organic Fresh Cream
241,F1200000,Bio & Organic Food,F1205000,Organic Dairy Products,F1205060,Organic Milk
242,F1200000,Bio & Organic Food,F1205000,Organic Dairy Products,F1205080,Organic Yoghurt & Desserts
243,F1200000,Bio & Organic Food,F1205000,Organic Dairy Products,F1205090,Organic Eggs
244,F1200000,Bio & Organic Food,F1208000,Free From,F1208001,Lactose Free
245,F1200000,Bio & Organic Food,F1208000,Free From,F1208002,Lactose Free Yogurt
246,F1200000,Bio & Organic Food,F1208000,Free From,F1208003,Keto & Gluten Free
247,F1200000,Bio & Organic Food,F1208000,Free From,F1208004,Sugar Free
248,F1200000,Bio & Organic Food,F1208000,Free From,F1208005,Fat Free
249,F1200000,Bio & Organic Food,F1208000,Free From,F1208006,GMO Free
250,F1200000,Bio & Organic Food,F1208000,Free From,F1208008,Dairy Free
251,F1200000,Bio & Organic Food,F1208000,Free From,F1208011,Other Free From Food
252,F1200000,Bio & Organic Food,F1209000,Organic Fruits & Vegetables,F1209010,Organic Fruits
253,F1200000,Bio & Organic Food,F1209000,Organic Fruits & Vegetables,F1209020,Organic Vegetables
254,NF3000000,Cleaning & Household,NF3080000,Laundry & Detergents,NF3080100,Detergents
255,NF3000000,Cleaning & Household,NF3080000,Laundry & Detergents,NF3080200,Fabric Softener
256,NF3000000,Cleaning & Household,NF3080000,Laundry & Detergents,NF3080300,Stain Removers & Fabric Care
257,NF3000000,Cleaning & Household,NF3020000,Cleaning Supplies,NF3020300,Dishwashing Liquids & Tablets
258,NF3000000,Cleaning & Household,NF3020000,Cleaning Supplies,NF3020400,Disinfectants & Wipes
259,NF3000000,Cleaning & Household,NF3020000,Cleaning Supplies,NF3020800,Multi Purpose Cleaner
260,NF3000000,Cleaning & Household,NF3020000,Cleaning Supplies,NF3021200,Toilet Cleaning
261,NF3000000,Cleaning & Household,NF3020000,Cleaning Supplies,NF3020500,Glass & Wood Cleaning
262,NF3000000,Cleaning & Household,NF3020000,Cleaning Supplies,NF3021100,"Sponges, Scourers & Cloths"
263,NF3000000,Cleaning & Household,NF3020000,Cleaning Supplies,NF3020150,Kitchen & Oven Cleaning
264,NF3000000,Cleaning & Household,NF3020000,Cleaning Supplies,NF3020100,Drain Unblockers
265,NF3000000,Cleaning & Household,NF3020000,Cleaning Supplies,NF3020200,Carpet & Floor Cleaning
266,NF3000000,Cleaning & Household,NF3020000,Cleaning Supplies,NF3021315,Mops
267,NF3000000,Cleaning & Household,NF3020000,Cleaning Supplies,NF3021000,Shoe Polish
268,NF3000000,Cleaning & Household,NF3020000,Cleaning Supplies,NF3021316,Gloves
269,NF3000000,Cleaning & Household,NF3020000,Cleaning Supplies,NF3021300,Vacuum Dust Bags
270,NF3000000,Cleaning & Household,NF3020000,Cleaning Supplies,NF3021400,Pool Cleaning Equipment
271,NF3000000,Cleaning & Household,NF3020000,Cleaning Supplies,NF3021318,Dustpan & Brooms
272,NF3000000,Cleaning & Household,NF3020000,Cleaning Supplies,NF3020429,Brushes
273,NF3000000,Cleaning & Household,NF3100000,Kitchen & Toilet Rolls,NF3100200,Toilet Rolls
274,NF3000000,Cleaning & Household,NF3100000,Kitchen & Toilet Rolls,NF3100100,Kitchen Rolls
275,NF3000000,Cleaning & Household,NF3090000,Tissues,NF3090200,Facial Tissues
276,NF3000000,Cleaning & Household,NF3090000,Tissues,NF3090400,Refresing Wet Wipes
277,NF3000000,Cleaning & Household,NF3060000,Garbage Bags,NF3060100,Garbage Bags & Bin Liners
278,NF3000000,Cleaning & Household,NF3040000,"Food Storage, Foil & Cling film",NF30403009,Kitchen Disposables
279,NF3000000,Cleaning & Household,NF3040000,"Food Storage, Foil & Cling film",NF3040100,Foil & Cling Film
280,NF3000000,Cleaning & Household,NF3040000,"Food Storage, Foil & Cling film",NF3040200,Sandwich & Storage Bags
281,NF3000000,Cleaning & Household,NF3010000,Candles & Air Fresheners,NF3010100,Autosprays & Refills
282,NF3000000,Cleaning & Household,NF3010000,Candles & Air Fresheners,NF3010200,"Candles, Diffusers & Incense"
283,NF3000000,Cleaning & Household,NF3010000,Candles & Air Fresheners,NF3010300,Plug Ins & Refills Air Fresheners
284,NF3000000,Cleaning & Household,NF3010000,Candles & Air Fresheners,NF3010400,Sprays & Gels Air Fresheners
285,NF3000000,Cleaning & Household,NF3050000,Eco Friendly,NF3050101,Green Washing
286,NF3000000,Cleaning & Household,NF3050000,Eco Friendly,NF3050102,Green Household Cleaner
287,NF3000000,Cleaning & Household,NF3050000,Eco Friendly,NF3050103,Green Kitchen
288,NF3000000,Cleaning & Household,NF3050000,Eco Friendly,NF3050104,Green Bathroom
289,NF3000000,Cleaning & Household,NF3050000,Eco Friendly,NF3050105,Green Multi Purpose
290,NF3000000,Cleaning & Household,NF3070000,Insect & Pest Control,NF3070100,Insect Sprays & Repellents
291,NF3000000,Cleaning & Household,NF3030000,Disposables Tableware & Napkins,NF3030110,Tray & Platters
292,NF3000000,Cleaning & Household,NF3030000,Disposables Tableware & Napkins,NF3030120,Face Mask
293,NF3000000,Cleaning & Household,NF3030000,Disposables Tableware & Napkins,NF3030130,Disposable Set
294,NF3000000,Cleaning & Household,NF3030000,Disposables Tableware & Napkins,NF3030150,Drinkware
295,NF3000000,Cleaning & Household,NF3030000,Disposables Tableware & Napkins,NF3030160,Dishes
296,NF3000000,Cleaning & Household,NF3030000,Disposables Tableware & Napkins,NF3030800,Plastic Straw
297,NF3000000,Cleaning & Household,NF3030000,Disposables Tableware & Napkins,NF3030900,Bowl
298,NF3000000,Cleaning & Household,NF3030000,Disposables Tableware & Napkins,NF3030700,Napkins
299,NF3000000,Cleaning & Household,NF3030000,Disposables Tableware & Napkins,NF3030200,Plastic Cutlery
300,NF3000000,Cleaning & Household,NF3030000,Disposables Tableware & Napkins,NF3030400,Festive Table Decoration
301,NF3000000,Cleaning & Household,NF3030000,Disposables Tableware & Napkins,NF3030500,Table Mats & Covers
302,NF2000000,Beauty & Personal Care,NF2010000,Dental Care,NF2010100,Mouthwash & Floss
303,NF2000000,Beauty & Personal Care,NF2010000,Dental Care,NF2010200,Toothbrushes
304,NF2000000,Beauty & Personal Care,NF2010000,Dental Care,NF2010300,Toothpaste
305,NF2000000,Beauty & Personal Care,NF2011000,Ladies Hair Removal,NF2011400,Depilatory Pre & After Care
306,NF2000000,Beauty & Personal Care,NF2011000,Ladies Hair Removal,NF2011500,Women Razor Systems
307,NF2000000,Beauty & Personal Care,NF2011000,Ladies Hair Removal,NF2011700,Electric Hair Removal
308,NF2000000,Beauty & Personal Care,NF2011000,Ladies Hair Removal,NF2011100,"Creams, Waxes & Gels"
309,NF2000000,Beauty & Personal Care,NF2011000,Ladies Hair Removal,NF2011200,Electrical Hair Removal
310,NF2000000,Beauty & Personal Care,NF2011000,Ladies Hair Removal,NF2011300,Women Disposable Razors
311,NF2000000,Beauty & Personal Care,NF2020000,Face & Body Skin Care,NF2020100,Body Moisturizers & Oils
312,NF2000000,Beauty & Personal Care,NF2020000,Face & Body Skin Care,NF2020200,Cotton & Ear Buds
313,NF2000000,Beauty & Personal Care,NF2020000,Face & Body Skin Care,NF2020300,Face Moisturizers & Oils
314,NF2000000,Beauty & Personal Care,NF2020000,Face & Body Skin Care,NF2020400,Foot Care
315,NF2000000,Beauty & Personal Care,NF2030000,Hair Care,NF2030100,Hair Colour
316,NF2000000,Beauty & Personal Care,NF2030000,Hair Care,NF2030200,"Hair Spray, Gel & Mousse"
317,NF2000000,Beauty & Personal Care,NF2030000,Hair Care,NF2030300,Hair Styling Tools & Accessories
318,NF2000000,Beauty & Personal Care,NF2030000,Hair Care,NF2030400,Hair Treatment
319,NF2000000,Beauty & Personal Care,NF2030000,Hair Care,NF2030500,Shampoo & Conditioner
320,NF2000000,Beauty & Personal Care,NF2040000,Makeup & Nails,NF2040100,Eyes
321,NF2000000,Beauty & Personal Care,NF2040000,Makeup & Nails,NF2040200,Face
322,NF2000000,Beauty & Personal Care,NF2040000,Makeup & Nails,NF2040500,Nails
323,NF2000000,Beauty & Personal Care,NF2040000,Makeup & Nails,NF2040600,Makeup Set
324,NF2000000,Beauty & Personal Care,NF2040000,Makeup & Nails,NF2040700,Lips
325,NF2000000,Beauty & Personal Care,NF2050000,Men's Grooming,NF2050100,Body & Skincare
326,NF2000000,Beauty & Personal Care,NF2050000,Men's Grooming,NF2050200,Deodorant & Aftershave
327,NF2000000,Beauty & Personal Care,NF2050000,Men's Grooming,NF2050300,Hair Care & Styling
328,NF2000000,Beauty & Personal Care,NF2050000,Men's Grooming,NF2050400,"Razors, Trimmers & Blades"
329,NF2000000,Beauty & Personal Care,NF2050000,Men's Grooming,NF2050500,Shaving Gel & Foam
330,NF2000000,Beauty & Personal Care,NF2050000,Men's Grooming,NF2050600,Men Accessories
331,NF2000000,Beauty & Personal Care,NF2070000,Personal Care & Wellbeing,NF2070500,Lens Solution & Wipes
332,NF2000000,Beauty & Personal Care,NF2070000,Personal Care & Wellbeing,NF2070100,Adult Hygiene
333,NF2000000,Beauty & Personal Care,NF2070000,Personal Care & Wellbeing,NF2070200,Condoms & Lubricants
334,NF2000000,Beauty & Personal Care,NF2070000,Personal Care & Wellbeing,NF2070300,Feminine Care
335,NF2000000,Beauty & Personal Care,NF2070000,Personal Care & Wellbeing,NF2070400,Hand Sanitizers
336,NF2000000,Beauty & Personal Care,NF2080000,"Shower, Bath & Soap",NF2080100,Bath & Shower
337,NF2000000,Beauty & Personal Care,NF2080000,"Shower, Bath & Soap",NF2080200,Soap & Hand Wash
338,NF2000000,Beauty & Personal Care,NF2080000,"Shower, Bath & Soap",NF2080300,Sponges & Loofahs
339,NF2000000,Beauty & Personal Care,NF2090000,Suncare & Travel Size,NF2090100,Sunscreen Lotions & Oils
340,NF2000000,Beauty & Personal Care,NF2090000,Suncare & Travel Size,NF2090200,Travel Size Toiletries
341,NF2000000,Beauty & Personal Care,NF2100000,Toiletries & Perfumes,NF2100100,Perfumes & Deodorants
342,NF2000000,Beauty & Personal Care,NF2100000,Toiletries & Perfumes,NF2100200,Talcum Powder
343,NF2000000,Beauty & Personal Care,NF2110000,Makeup Accessories ,NF2110100,Brushes
344,NF2000000,Beauty & Personal Care,NF2110000,Makeup Accessories ,NF2110200,Buffer
345,NF2000000,Beauty & Personal Care,NF2110000,Makeup Accessories ,NF2110300,Clippers & Scissors
346,NF2000000,Beauty & Personal Care,NF2110000,Makeup Accessories ,NF2110400,Cuticle
347,NF2000000,Beauty & Personal Care,NF2110000,Makeup Accessories ,NF2110500,Eye Lashes
348,NF2000000,Beauty & Personal Care,NF2110000,Makeup Accessories ,NF2110600,File
349,NF2000000,Beauty & Personal Care,NF2110000,Makeup Accessories ,NF2110800,Treatment
350,NF2000000,Beauty & Personal Care,NF2110000,Makeup Accessories ,NF2110900,Press-on
351,NF2000000,Beauty & Personal Care,NF2110000,Makeup Accessories ,NF2111000,Accessories Sets
352,NF2000000,Beauty & Personal Care,NF2110000,Makeup Accessories ,NF2111100,Sponges
353,NF2000000,Beauty & Personal Care,NF2110000,Makeup Accessories ,NF2111300,Tweezer
354,NF2000000,Beauty & Personal Care,NF2112000,Natural Personal Care,NF2112020,Face & Skin Care
355,NF2000000,Beauty & Personal Care,NF2112000,Natural Personal Care,NF2112030,Hair Care
356,NF2000000,Beauty & Personal Care,NF2112000,Natural Personal Care,NF2112040,"Shower, Bath & Soap"
357,NF2000000,Beauty & Personal Care,NF2112000,Natural Personal Care,NF2112050,Other Natural Products
358,F1000000,Baby Products,F1010000,Baby Healthcare,F1010200,Medical Accessories
359,F1000000,Baby Products,F1010000,Baby Healthcare,F1010300,Oral Care
360,F1000000,Baby Products,F1010000,Baby Healthcare,F1010400,Teething Accessories
361,F1000000,Baby Products,F1010000,Baby Healthcare,F1010500,Mother Care Suppliments
362,F1000000,Baby Products,F1020000,Changing & Bathing,F1020100,Baby Detergent
363,F1000000,Baby Products,F1020000,Changing & Bathing,F1020200,"Baths, Towels & Wash Mitts"
364,F1000000,Baby Products,F1020000,Changing & Bathing,F1020300,Changing Bags & Mats
365,F1000000,Baby Products,F1020000,Changing & Bathing,F1020400,Cotton & Ear Bud
366,F1000000,Baby Products,F1020000,Changing & Bathing,F1020500,"Diapers, Wipes & Diaper Cream"
367,F1000000,Baby Products,F1020000,Changing & Bathing,F1020600,Potty Seats
368,F1000000,Baby Products,F1020000,Changing & Bathing,F1020700,Pull-ups & Swimming Pants
369,F1000000,Baby Products,F1020000,Changing & Bathing,F1020900,Toiletries
370,F1000000,Baby Products,F1030000,Feeding Accessories,F1030100,Baby Cups & Beakers
371,F1000000,Baby Products,F1030000,Feeding Accessories,F1030200,Bibs & Muslin
372,F1000000,Baby Products,F1030000,Feeding Accessories,F1030300,Bottles & Teats
373,F1000000,Baby Products,F1030000,Feeding Accessories,F1030500,Pacifiers & Soothers
374,F1000000,Baby Products,F1040000,"Milk, Food & Juices",F1040100,Baby & Toddler Meals
375,F1000000,Baby Products,F1040000,"Milk, Food & Juices",F1040200,Baby & Toddler Formula
376,F1000000,Baby Products,F1040000,"Milk, Food & Juices",F1040300,Baby & Toddler Snacks
377,F1000000,Baby Products,F1040000,"Milk, Food & Juices",F1040400,Juices & Beverages
378,F1000000,Baby Products,F1050000,Nursery & Safety,F1050100,Baby Bouncers & Swings
379,F1000000,Baby Products,F1050000,Nursery & Safety,F1050200,Nursery Furniture & Bedding
380,F1000000,Baby Products,F1050000,Nursery & Safety,F1050300,Walkers
381,F1000000,Baby Products,F1050000,Nursery & Safety,F1050400,Baby Gates & Home Safety
382,F1000000,Baby Products,F1060000,Baby Travelling,F1060100,Baby Carrier
383,F1000000,Baby Products,F1060000,Baby Travelling,F1060200,Car Seats & Boosters
384,F1000000,Baby Products,F1060000,Baby Travelling,F1060300,Pushchairs & Stroller
385,F1000000,Baby Products,F1060000,Baby Travelling,F1060400,Travel Bags
386,NF4000000,Electronics & Appliances,NF4100000,Large Appliances,NF4100700,Washers & Dryers
387,NF4000000,Electronics & Appliances,NF4100000,Large Appliances,NF4100500,Fridges
388,NF4000000,Electronics & Appliances,NF4100000,Large Appliances,NF4100200,Cookers
389,NF4000000,Electronics & Appliances,NF4100000,Large Appliances,NF4100300,Dish Washer
390,NF4000000,Electronics & Appliances,NF4100000,Large Appliances,NF4100400,Freezers
391,NF4000000,Electronics & Appliances,NF4100000,Large Appliances,NF4100130,Built-In Hob
392,NF4000000,Electronics & Appliances,NF4100000,Large Appliances,NF4100800,Built-In Oven
393,NF4000000,Electronics & Appliances,NF4100000,Large Appliances,NF4100100,Built-In Dish Washer
394,NF4000000,Electronics & Appliances,NF4100000,Large Appliances,NF4100120,Built-In Fridge
395,NF4000000,Electronics & Appliances,NF4100000,Large Appliances,NF4100900,Built-In Hood
396,NF4000000,Electronics & Appliances,NF4100000,Large Appliances,NF4100140,Built-In Microwave
397,NF4000000,Electronics & Appliances,NF4100000,Large Appliances,NF4100150,Other Built-In Appliances
398,NF4000000,Electronics & Appliances,NF4100000,Large Appliances,NF4100600,Outdoor Fan
399,NF4000000,Electronics & Appliances,NF4100000,Large Appliances,NF4100110,Built-In Freezer
400,NF4000000,Electronics & Appliances,NF4040000,Small Appliances,NF4040200,Food Preparation
401,NF4000000,Electronics & Appliances,NF4040000,Small Appliances,NF4040800,Vacuum Cleaners & Steam Mops
402,NF4000000,Electronics & Appliances,NF4040000,Small Appliances,NF4040100,"Coolers, Heaters & Air Treatment"
403,NF4000000,Electronics & Appliances,NF4040000,Small Appliances,NF4040300,Irons & Steamers
404,NF4000000,Electronics & Appliances,NF4040000,Small Appliances,NF4040600,Microwave Ovens & Portable Hobs
405,NF4000000,Electronics & Appliances,NF4040000,Small Appliances,NF4040400,Kettles & Coffee Machines
406,NF4000000,Electronics & Appliances,NF4040000,Small Appliances,NF4040700,Toasters & Grills
407,NF4000000,Electronics & Appliances,NF4040000,Small Appliances,NF4040110,Sewing Machines
408,NF4000000,Electronics & Appliances,NF4040000,Small Appliances,NF4040010,Accessories & Spare Parts
409,NF4000000,Electronics & Appliances,NF4080000,TVs & Projectors,NF4080400,TVs
410,NF4000000,Electronics & Appliances,NF4080000,TVs & Projectors,NF4080100,Projectors
411,NF4000000,Electronics & Appliances,NF4080000,TVs & Projectors,NF4080300,TV Accessories
412,NF4000000,Electronics & Appliances,NF4080000,TVs & Projectors,NF4080700,DVD Player & Digital Receiver
413,NF4000000,Electronics & Appliances,NF4080000,TVs & Projectors,NF4080200,Receiver & Satellite Accessories
414,NF4000000,Electronics & Appliances,NF4070000,"Laptops, PCs",NF4070500,Laptops
415,NF4000000,Electronics & Appliances,NF4070000,"Laptops, PCs",NF4070900,"Printers, Scanners & Fax Machines"
416,NF4000000,Electronics & Appliances,NF4070000,"Laptops, PCs",NF4071100,Toners & Cartridges
417,NF4000000,Electronics & Appliances,NF4070000,"Laptops, PCs",NF4070100,Accessories & Peripherals
418,NF4000000,Electronics & Appliances,NF4070000,"Laptops, PCs",NF4070800,Desktop Computer
419,NF4000000,Electronics & Appliances,NF4070000,"Laptops, PCs",NF4070600,Monitors
420,NF4000000,Electronics & Appliances,NF4070000,"Laptops, PCs",NF4070300,Data Storage
421,NF4000000,Electronics & Appliances,NF4070000,"Laptops, PCs",NF4070700,Networking & Connectivity
422,NF4000000,Electronics & Appliances,NF4070000,"Laptops, PCs",NF4070200,Computer Cables & Adaptors
423,NF4000000,Electronics & Appliances,NF4070000,"Laptops, PCs",NF4071000,Software
424,NF4000000,Electronics & Appliances,NF4070000,"Laptops, PCs",NF4070400,Laptop Bags & Sleeves
425,NF4000000,Electronics & Appliances,NF4090000,Video Games & Consoles,NF4090100,Consoles
426,NF4000000,Electronics & Appliances,NF4090000,Video Games & Consoles,NF4090300,Gaming Accessories & VR
427,NF4000000,Electronics & Appliances,NF4090000,Video Games & Consoles,NF4090200,Games
428,NF4000000,Electronics & Appliances,NF4050000,Home Cinema & Audio,NF40506900,Small Audio
429,NF4000000,Electronics & Appliances,NF4050000,Home Cinema & Audio,NF4050500,Home Cinema Systems
430,NF4000000,Electronics & Appliances,NF4050000,Home Cinema & Audio,NF4051000,Speakers & Amplifiers
431,NF4000000,Electronics & Appliances,NF4050000,Home Cinema & Audio,NF4050200,Blu Ray & Media Streaming
432,NF4000000,Electronics & Appliances,NF4050000,Home Cinema & Audio,NF4050900,Recording Devices
433,NF4000000,Electronics & Appliances,NF4050000,Home Cinema & Audio,NF4050600,Karaoke
434,NF4000000,Electronics & Appliances,NF4050000,Home Cinema & Audio,NF4050400,Car Radio
435,NF4000000,Electronics & Appliances,NF4010000,Batteries & Power,NF4010100,Batteries
436,NF4000000,Electronics & Appliances,NF4010000,Batteries & Power,NF4010200,Extension Leads & Cables
437,NF4000000,Electronics & Appliances,NF4010000,Batteries & Power,NF4010300,Power Adaptors & Sockets
438,NF4000000,Electronics & Appliances,NF4020000,Cameras & Camcorders,NF4020500,Digital Cameras
439,NF4000000,Electronics & Appliances,NF4020000,Cameras & Camcorders,NF4020100,Action & Instant Cameras
440,NF4000000,Electronics & Appliances,NF4020000,Cameras & Camcorders,NF4020200,Cameras Accessories
441,NF4000000,Electronics & Appliances,NF4020000,Cameras & Camcorders,NF4021000,Tripods
442,NF4000000,Electronics & Appliances,NF4020000,Cameras & Camcorders,NF4020600,"Cameras Lenses, Filters & Flashes"
443,NF4000000,Electronics & Appliances,NF4020000,Cameras & Camcorders,NF4020300,Camcorders
444,NF4000000,Electronics & Appliances,NF4020000,Cameras & Camcorders,NF4020400,Carry Cases & Bags
445,NF4000000,Electronics & Appliances,NF4060000,Home Phones,NF4060200,Cordless Phones
446,NF4000000,Electronics & Appliances,NF4060000,Home Phones,NF4060100,Corded Phones
447,NF4000000,Electronics & Appliances,NF4030000,Gadgets,NF4030200,Drones
448,NF4000000,Electronics & Appliances,NF4030000,Gadgets,NF4030100,Binoculars
449,NF4000000,Electronics & Appliances,NF4011000,Digital Cards,NF4011011,Microsoft Office Digital
450,NF4000000,Electronics & Appliances,NF4011000,Digital Cards,NF4011040,McAfee
451,NF4000000,Electronics & Appliances,NF4011000,Digital Cards,NF4011050,Kaspersky
452,NF4000000,Electronics & Appliances,NF4011000,Digital Cards,NF4011010,Netflix
453,NF1200000,"Smartphones, Tablets & Wearables",NF1220000,Smartphones & Wearables,NF1220200,Smartphones
454,NF1200000,"Smartphones, Tablets & Wearables",NF1220000,Smartphones & Wearables,NF1220300,Smart Watches & Wearables
455,NF1200000,"Smartphones, Tablets & Wearables",NF1220000,Smartphones & Wearables,NF1220100,Mobile phones
456,NF1200000,"Smartphones, Tablets & Wearables",NF1210000,Mobile Accessories,NF1210100,"Cases, Sleeves & Screen Protectors"
457,NF1200000,"Smartphones, Tablets & Wearables",NF1210000,Mobile Accessories,NF1210200,"Chargers, Cables & Convertors"
458,NF1200000,"Smartphones, Tablets & Wearables",NF1210000,Mobile Accessories,NF1210300,Headphones & Earphone
459,NF1200000,"Smartphones, Tablets & Wearables",NF1210000,Mobile Accessories,NF1210400,Keyboards & Pencils
460,NF1200000,"Smartphones, Tablets & Wearables",NF1210000,Mobile Accessories,NF1210600,Phone Holders & Accessories
461,NF1200000,"Smartphones, Tablets & Wearables",NF1210000,Mobile Accessories,NF1210700,Power Banks
462,NF1200000,"Smartphones, Tablets & Wearables",NF1210000,Mobile Accessories,NF1210800,Apple Accessories
463,NF1200000,"Smartphones, Tablets & Wearables",NF1210000,Mobile Accessories,NF1210900,Samsung Accessories
464,NF1200000,"Smartphones, Tablets & Wearables",NF1230000,Tablets & E-Readers,NF1230100,Tablets
465,NF8000000,Home & Garden,NF8013000,"Laundry, Steaming & Ironing",NF8013010,Clothes Hangers
466,NF8000000,Home & Garden,NF8013000,"Laundry, Steaming & Ironing",NF8013020,Drying Racks & Pegs
467,NF8000000,Home & Garden,NF8013000,"Laundry, Steaming & Ironing",NF8013030,Ironing Boards & Covers
468,NF8000000,Home & Garden,NF8019000,Party Supplies,NF8019010,Party tableware
469,NF8000000,Home & Garden,NF8019000,Party Supplies,NF8019120,Party Hat & Accessories
470,NF8000000,Home & Garden,NF8010000,Bathroom & Laundry,NF8010100,"Basins, Buckets & Baskets"
471,NF8000000,Home & Garden,NF8010000,Bathroom & Laundry,NF8010300,Bathroom Accessories
472,NF8000000,Home & Garden,NF8010000,Bathroom & Laundry,NF8010400,Bathroom Scales
473,NF8000000,Home & Garden,NF8010000,Bathroom & Laundry,NF8010700,Towels
474,NF8000000,Home & Garden,NF8020000,Bedroom,NF8020100,Bed Bases
475,NF8000000,Home & Garden,NF8020000,Bedroom,NF8020200,Bed Linens & Cover Sets
476,NF8000000,Home & Garden,NF8020000,Bedroom,NF8020300,Duvets & Comforters
477,NF8000000,Home & Garden,NF8020000,Bedroom,NF8020500,Headboards
478,NF8000000,Home & Garden,NF8020000,Bedroom,NF8020600,Mattress Covers
479,NF8000000,Home & Garden,NF8020000,Bedroom,NF8020700,Mattresses
480,NF8000000,Home & Garden,NF8020000,Bedroom,NF8020800,Pillows
481,NF8000000,Home & Garden,NF8030000,"Camping, Barbeques & Grills",NF8030100,Air Beds & Sleeping Bags
482,NF8000000,Home & Garden,NF8030000,"Camping, Barbeques & Grills",NF8030200,Barbeque & Grill Sets
483,NF8000000,Home & Garden,NF8030000,"Camping, Barbeques & Grills",NF8030300,Charcoal & Barbeque Accessories
484,NF8000000,Home & Garden,NF8030000,"Camping, Barbeques & Grills",NF8030400,"Coolers, Jugs & Cookware"
485,NF8000000,Home & Garden,NF8030000,"Camping, Barbeques & Grills",NF8030500,"Foldable Tables, Chairs & Trolleys"
486,NF8000000,Home & Garden,NF8030000,"Camping, Barbeques & Grills",NF8030600,Tents
487,NF8000000,Home & Garden,NF8050000,DIY & Electricals,NF8050100,Bulbs & Torches
488,NF8000000,Home & Garden,NF8050000,DIY & Electricals,NF8050112,Paint
489,NF8000000,Home & Garden,NF8050000,DIY & Electricals,NF8050113,Sanitary and Plumbing
490,NF8000000,Home & Garden,NF8050000,DIY & Electricals,NF8050114,Door Accessories
491,NF8000000,Home & Garden,NF8050000,DIY & Electricals,NF8050200,"Drills, Screwdrivers & Power Tools"
492,NF8000000,Home & Garden,NF8050000,DIY & Electricals,NF8050300,Generator & Inverter
493,NF8000000,Home & Garden,NF8050000,DIY & Electricals,NF8050500,Home Security
494,NF8000000,Home & Garden,NF8050000,DIY & Electricals,NF8050600,Ladder & Stepladder
495,NF8000000,Home & Garden,NF8050000,DIY & Electricals,NF8050700,Ropes & Padlocks
496,NF8000000,Home & Garden,NF8050000,DIY & Electricals,NF8050800,Sealants & Silicone
497,NF8000000,Home & Garden,NF8050000,DIY & Electricals,NF8050900,Tapes & Glues
498,NF8000000,Home & Garden,NF8050000,DIY & Electricals,NF8051000,"Tool Boxes, Nails & Screws"
499,NF8000000,Home & Garden,NF8050000,DIY & Electricals,NF8051100,Hardware tools
500,NF8000000,Home & Garden,NF8060000,Garden Furniture & Decor,NF8060100,Chairs & Tables
501,NF8000000,Home & Garden,NF8060000,Garden Furniture & Decor,NF8060200,Dining & Sofa Sets
502,NF8000000,Home & Garden,NF8060000,Garden Furniture & Decor,NF8060400,Solar Powered & Outdoor Lighting
503,NF8000000,Home & Garden,NF8060000,Garden Furniture & Decor,NF8060500,Sun Loungers & Swings
504,NF8000000,Home & Garden,NF8060000,Garden Furniture & Decor,NF8060600,"Tents, Gazebos & Umbrellas"
505,NF8000000,Home & Garden,NF8060000,Garden Furniture & Decor,NF8060700,Season Greeting Decortion
506,NF8000000,Home & Garden,NF8060000,Garden Furniture & Decor,NF8063000,Outdoor Storage
507,NF8000000,Home & Garden,NF8070000,Gardening Equipment,NF8070100,"Plants, Seeds & Grass"
508,NF8000000,Home & Garden,NF8070000,Gardening Equipment,NF8070200,Soil & Fertilizer
509,NF8000000,Home & Garden,NF8070000,Gardening Equipment,NF8070300,Watering Tools & Accessories
510,NF8000000,Home & Garden,NF8080000,Home Storage,NF8080100,Clothes Storage
511,NF8000000,Home & Garden,NF8080000,Home Storage,NF8080200,Large Storage
512,NF8000000,Home & Garden,NF8080000,Home Storage,NF8080300,Shelves
513,NF8000000,Home & Garden,NF8090000,Kitchen & Dining,NF8090600,Tea & Coffee Servers
514,NF8000000,Home & Garden,NF8090000,Kitchen & Dining,NF8090700,Sustainable Utensils
515,NF8000000,Home & Garden,NF8090000,Kitchen & Dining,NF8090800,Melamine Tableware
516,NF8000000,Home & Garden,NF8090000,Kitchen & Dining,NF8090900,Kitchen Utensils & Gadgets
517,NF8000000,Home & Garden,NF8090000,Kitchen & Dining,NF8090100,Cookware & Bakeware Utensils
518,NF8000000,Home & Garden,NF8090000,Kitchen & Dining,NF8090200,Food Storage & Organising
519,NF8000000,Home & Garden,NF8090000,Kitchen & Dining,NF8090300,Kitchen & Table Linens
520,NF8000000,Home & Garden,NF8090000,Kitchen & Dining,NF8090400,Tableware
521,NF8000000,Home & Garden,NF8100000,Living Room & Home Decor,NF8100100,Festive Decor
522,NF8000000,Home & Garden,NF8100000,Living Room & Home Decor,NF8100200,Potpourris & Artificial Flowers
523,NF8000000,Home & Garden,NF8100000,Living Room & Home Decor,NF8100400,"Chairs, Bean Bags & Ottomans"
524,NF8000000,Home & Garden,NF8100000,Living Room & Home Decor,NF8100500,Coffee & Side Tables
525,NF8000000,Home & Garden,NF8100000,Living Room & Home Decor,NF8100600,Curtains & Blinds
526,NF8000000,Home & Garden,NF8100000,Living Room & Home Decor,NF8100700,Cushions & Cushion Covers
527,NF8000000,Home & Garden,NF8100000,Living Room & Home Decor,NF8100800,Door Mats
528,NF8000000,Home & Garden,NF8100000,Living Room & Home Decor,NF8100900,Lights & Lamps
529,NF8000000,Home & Garden,NF8100000,Living Room & Home Decor,NF8101100,Rugs & Carpets
530,NF8000000,Home & Garden,NF8100000,Living Room & Home Decor,NF8101200,Sofas & Sofa Beds
531,NF8000000,Home & Garden,NF8100000,Living Room & Home Decor,NF8101300,Other Decoration Item
532,NF8000000,Home & Garden,NF8100000,Living Room & Home Decor,NF8101400,Photo Frames
533,NF8000000,Home & Garden,NF8100000,Living Room & Home Decor,NF8101500,Wall Clock & Alarms
534,NF8000000,Home & Garden,NF8100000,Living Room & Home Decor,NF8101600,Wall Stickers & Posters
535,NF8000000,Home & Garden,NF8120000,Cleaning & Household,NF8120100,Cleaning Insect & Pest Control
536,F1100000,Pet Supplies,F1120000,Pets Food,F1120100,Cat Food
537,F1100000,Pet Supplies,F1120000,Pets Food,F1120200,Dog Food
538,F1100000,Pet Supplies,F1120000,Pets Food,F1120400,Bird Food
539,F1100000,Pet Supplies,F1120000,Pets Food,F1120500,Fish Food
540,F1100000,Pet Supplies,F1120000,Pets Food,F1120300,Rodent Food
541,F1100000,Pet Supplies,F1120000,Pets Food,F1120600,Animal Supplements
542,F1100000,Pet Supplies,F1130000,Pet Care,F1130400,Litter & Housetraining
543,F1100000,Pet Supplies,F1130000,Pet Care,F1130500,"Shampoos, Sprays & Grooming"
544,F1100000,Pet Supplies,F1140000,Pet Treats & Chews,F1140100,Cat Treats
545,F1100000,Pet Supplies,F1140000,Pet Treats & Chews,F1140200,Dog Treats
546,F1100000,Pet Supplies,F1110000,Pet Accessories & Toys,F1110200,Cats Accessories
547,F1100000,Pet Supplies,F1110000,Pet Accessories & Toys,F1110300,Dogs Accessories
548,F1100000,Pet Supplies,F1110000,Pet Accessories & Toys,F1110400,Dogs & Cats Carriers
549,F1100000,Pet Supplies,F1110000,Pet Accessories & Toys,F1110600,Cat Toys
550,F1100000,Pet Supplies,F1110000,Pet Accessories & Toys,F1110700,Dog Toys
551,F1100000,Pet Supplies,F1110000,Pet Accessories & Toys,F1110800,Fish Tanks
552,F1100000,Pet Supplies,F1110000,Pet Accessories & Toys,F1110500,Fish Accessories
553,F1100000,Pet Supplies,F1110000,Pet Accessories & Toys,F1110100,Bird Accessories
554,NF7000000,Health & Fitness,NF7030000,Healthcare & Nutrition,NF7030200,Nutrition & Fitness Supplements
555,NF7000000,Health & Fitness,NF7030000,Healthcare & Nutrition,NF7030400,Medicines & Pain Relief
556,NF7000000,Health & Fitness,NF7030000,Healthcare & Nutrition,NF7030500,Vitamins & Multivitamins
557,NF7000000,Health & Fitness,NF7030000,Healthcare & Nutrition,NF7030300,First Aid
558,NF7000000,Health & Fitness,NF7030000,Healthcare & Nutrition,NF7030900,Protection Mask
559,NF7000000,Health & Fitness,NF7030000,Healthcare & Nutrition,NF70301100,Homeopathy
560,NF7000000,Health & Fitness,NF7010000,Gym Equipment,NF7010300,Fitness Machines
561,NF7000000,Health & Fitness,NF7010000,Gym Equipment,NF7010200,Body Toning Belts & Shorts
562,NF7000000,Health & Fitness,NF7010000,Gym Equipment,NF7010100,Weight Training
563,NF7000000,Health & Fitness,NF7040000,Sports Equipment,NF7040400,Skateboards & Rollerblades
564,NF7000000,Health & Fitness,NF7040000,Sports Equipment,NF7040200,Bikes & Scooters
565,NF7000000,Health & Fitness,NF7040000,Sports Equipment,NF7040100,Ball Sports
566,NF7000000,Health & Fitness,NF7040000,Sports Equipment,NF7040300,Racket Sports
567,NF7000000,Health & Fitness,NF7040000,Sports Equipment,NF7040500,Watersports
568,NF7000000,Health & Fitness,NF7040000,Sports Equipment,NF7040600,Bike Accessories
569,NF7000000,Health & Fitness,NF7040000,Sports Equipment,NF7040800,Sport Bags
570,NF7000000,Health & Fitness,NF7020000,Health & Fitness Devices,NF7020100,"Glucometers, Lancets & Strips"
571,NF7000000,Health & Fitness,NF7020000,Health & Fitness Devices,NF7020200,Muscle Relief
572,NF7000000,Health & Fitness,NF7020000,Health & Fitness Devices,NF7020300,Thermometers
573,NF7000000,Health & Fitness,NF7020000,Health & Fitness Devices,NF7020400,Blood Pressure Monitors
574,NF1300000,Stationery & School Supplies,NF1360000,Paper Supplies,NF1360100,Papers
575,NF1300000,Stationery & School Supplies,NF1360000,Paper Supplies,NF1360300,Notebooks
576,NF1300000,Stationery & School Supplies,NF1360000,Paper Supplies,NF1360400,Drawing Books
577,NF1300000,Stationery & School Supplies,NF1360000,Paper Supplies,NF1360500,Sticky Notes & Labels
578,NF1300000,Stationery & School Supplies,NF1360000,Paper Supplies,NF1360200,Envelopes
579,NF1300000,Stationery & School Supplies,NF1360000,Paper Supplies,NF1360700,Sketch Pads
580,NF1300000,Stationery & School Supplies,NF1360000,Paper Supplies,NF1360600,Paper Sheet
581,NF1300000,Stationery & School Supplies,NF1390000,Writing Supplies,NF1390400,Pens & Refills
582,NF1300000,Stationery & School Supplies,NF1390000,Writing Supplies,NF1390200,Markers & Highlighters
583,NF1300000,Stationery & School Supplies,NF1390000,Writing Supplies,NF1390300,"Pencils, Sharpeners & Erasers"
584,NF1300000,Stationery & School Supplies,NF1390000,Writing Supplies,NF1390500,White Boards & Erasers
585,NF1300000,Stationery & School Supplies,NF1390000,Writing Supplies,NF1390100,Correction Pens
586,NF1300000,Stationery & School Supplies,NF1320000,Calculators & Dictionaries,NF1320100,Calculators
587,NF1300000,Stationery & School Supplies,NF1320000,Calculators & Dictionaries,NF1320300,Translator & Dictionaries
588,NF1300000,Stationery & School Supplies,NF1340000,Gifting & Party Supplies,NF1340200,Bubbles
589,NF1300000,Stationery & School Supplies,NF1380000,Stationery Drawer,NF1380200,"Pins, Clips & ID Badges"
590,NF1300000,Stationery & School Supplies,NF1380000,Stationery Drawer,NF1380400,Scissors & Cutters
591,NF1300000,Stationery & School Supplies,NF1380000,Stationery Drawer,NF1380100,Measures & Compasses
592,NF1300000,Stationery & School Supplies,NF1380000,Stationery Drawer,NF1380300,Punchers & Staplers
593,NF1300000,Stationery & School Supplies,NF1310000,Coloring Materials,NF1310200,Colour Pencils & Felt Pens
594,NF1300000,Stationery & School Supplies,NF1310000,Coloring Materials,NF1310100,Painting Accessories
595,NF1300000,Stationery & School Supplies,NF1350000,Glue & Adhesive Roll,NF1350200,Tape & Glue
596,NF1300000,Stationery & School Supplies,NF1350000,Glue & Adhesive Roll,NF1350100,Adhesive Roll
597,NF1300000,Stationery & School Supplies,NF1370000,School Bags & Pencil Cases,NF1370100,Backpacks & Lunch Sets
598,NF1300000,Stationery & School Supplies,NF1370000,School Bags & Pencil Cases,NF1370200,Pencil Cases
599,NF1300000,Stationery & School Supplies,NF1330000,Filing Materials,NF1330200,Filing & Folders
600,NF1300000,Stationery & School Supplies,NF1330000,Filing Materials,NF1330300,Letter Trays
601,NF1300000,Stationery & School Supplies,NF1330000,Filing Materials,NF1330100,Binders
602,NF5000000,"Fashion, Accessories & Luggage",NF5020000,Luggage & Travel,NF5020300,Large Suitcases
603,NF5000000,"Fashion, Accessories & Luggage",NF5020000,Luggage & Travel,NF5020700,Travel Accessories
604,NF5000000,"Fashion, Accessories & Luggage",NF5020000,Luggage & Travel,NF5020100,Beauty Case & Garment Bags
605,NF5000000,"Fashion, Accessories & Luggage",NF5020000,Luggage & Travel,NF5020500,Small Suitcases
606,NF5000000,"Fashion, Accessories & Luggage",NF5020000,Luggage & Travel,NF5020200,Hiking Bags & Backpacks
607,NF5000000,"Fashion, Accessories & Luggage",NF5020000,Luggage & Travel,NF5020600,Sports Bags
608,NF5000000,"Fashion, Accessories & Luggage",NF5020000,Luggage & Travel,NF5020400,Pilot & Briefcase
609,NF5000000,"Fashion, Accessories & Luggage",NF5070000,Bags & Purse,NF5070100,Ladies Bags
610,NF5000000,"Fashion, Accessories & Luggage",NF5070000,Bags & Purse,NF5070500,Men wallet
611,NF5000000,"Fashion, Accessories & Luggage",NF5070000,Bags & Purse,NF5070300,Child Bags
612,NF5000000,"Fashion, Accessories & Luggage",NF5070000,Bags & Purse,NF5070200,Men Bags
613,NF5000000,"Fashion, Accessories & Luggage",NF5070000,Bags & Purse,NF5070400,Purse & Wallet
614,NF5000000,"Fashion, Accessories & Luggage",NF5030000,Men,NF5030100,Watches & Accessories''
615,NF5000000,"Fashion, Accessories & Luggage",NF5030000,Men,NF5030800,Men Hat & Cap           
616,NF5000000,"Fashion, Accessories & Luggage",NF5080000,Sunglasses,NF5080100,Ladies Sunglasses
617,NF5000000,"Fashion, Accessories & Luggage",NF5080000,Sunglasses,NF5080200,Men's Sunglasses
618,NF5000000,"Fashion, Accessories & Luggage",NF5050000,Jewellery,NF5050100,Earring
619,NF5000000,"Fashion, Accessories & Luggage",NF5050000,Jewellery,NF5050200,Necklace
620,NF5000000,"Fashion, Accessories & Luggage",NF5050000,Jewellery,NF5050800,Hair accessories
621,NF5000000,"Fashion, Accessories & Luggage",NF5050000,Jewellery,NF5050300,Bracelet
622,NF5000000,"Fashion, Accessories & Luggage",NF5050000,Jewellery,NF5050400,Ring
623,NF5000000,"Fashion, Accessories & Luggage",NF5050000,Jewellery,NF5050500,Key Holder
624,NF5000000,"Fashion, Accessories & Luggage",NF5050000,Jewellery,NF5050900,Anklet
625,NF5000000,"Fashion, Accessories & Luggage",NF5050000,Jewellery,NF5050600,Brooch & Tie Clip
626,NF5000000,"Fashion, Accessories & Luggage",NF5050000,Jewellery,NF5050700,Cufflinks
627,NF5000000,"Fashion, Accessories & Luggage",NF5050000,Jewellery,NF5050010,Crowns
628,NF5000000,"Fashion, Accessories & Luggage",NF5010000,Kids,NF5010200,School Uniform
629,NF5000000,"Fashion, Accessories & Luggage",NF5040000,Women,NF5040100,Watches & Accessories'
630,NF1400000,Toys & Outdoor,NF1411000,Outdoor Activities,NF1411200,"Beach, Pool & Garden"
631,NF1400000,Toys & Outdoor,NF1411000,Outdoor Activities,NF1411400,Trampolines
632,NF1400000,Toys & Outdoor,NF1411000,Outdoor Activities,NF1411300,Swimming Gear
633,NF1400000,Toys & Outdoor,NF1411000,Outdoor Activities,NF1411100,Inflatable Castles & Figures
634,NF1400000,Toys & Outdoor,NF1420000,"Arts, Crafts & Music",NF1420100,Dough & Modeling
635,NF1400000,Toys & Outdoor,NF1420000,"Arts, Crafts & Music",NF1420300,Musical Toys & Instruments
636,NF1400000,Toys & Outdoor,NF1420000,"Arts, Crafts & Music",NF1420200,Jewellery & Fashion Toys
637,NF1400000,Toys & Outdoor,NF1420000,"Arts, Crafts & Music",NF1420400,Other Girl's Toys
638,NF1400000,Toys & Outdoor,NF1440000,"Bicycles, Scooters, Ride Ons",NF1440200,Scooters & Ride Ons
639,NF1400000,Toys & Outdoor,NF1440000,"Bicycles, Scooters, Ride Ons",NF1440300,Safety Gear
640,NF1400000,Toys & Outdoor,NF1413000,Vehicles & Remote Control Play,NF1413100,Toy Cars & Vehicle Sets
641,NF1400000,Toys & Outdoor,NF1413000,Vehicles & Remote Control Play,NF1413200,"Trains, Boats & Planes"
642,NF1400000,Toys & Outdoor,NF1450000,"Board Games, Cards & Puzzles",NF1450100,Board Games
643,NF1400000,Toys & Outdoor,NF1450000,"Board Games, Cards & Puzzles",NF1450200,Puzzles
644,NF1400000,Toys & Outdoor,NF1410000,Action Figures & Playsets,NF1410100,Action Figures & Animals
645,NF1400000,Toys & Outdoor,NF1410000,Action Figures & Playsets,NF1410300,Playsets
646,NF1400000,Toys & Outdoor,NF1480000,Dolls & Accessories,NF1480100,Dolls
647,NF1400000,Toys & Outdoor,NF1480000,Dolls & Accessories,NF1480200,Dolls Playsets & Accessories
648,NF1400000,Toys & Outdoor,NF1430000,Baby Toys,NF1430200,Baby Soft & Plush Toys
649,NF1400000,Toys & Outdoor,NF1430000,Baby Toys,NF1430100,Activity Toys
650,NF1400000,Toys & Outdoor,NF1460000,Books & Educational Games,NF1460200,Educational Games
651,NF1400000,Toys & Outdoor,NF1412000,Pretend Play & Costumes,NF1412300,Kitchen & Cooking
652,NF1400000,Toys & Outdoor,NF1412000,Pretend Play & Costumes,NF1412200,Halloween Party
653,NF1400000,Toys & Outdoor,NF1412000,Pretend Play & Costumes,NF1412100,Halloween Costumes
654,NF1400000,Toys & Outdoor,NF1470000,Construction & Building Toys,NF1470100,Building Toys & Block Sets
655,NF2300000,Automotive,NF2302000,Car Accessories & Cleaning,NF2302030,Car Cleaning
656,NF2300000,Automotive,NF2302000,Car Accessories & Cleaning,NF2302020,Car Accessories
657,NF2300000,Automotive,NF2302000,Car Accessories & Cleaning,NF2302040,Covers & Floor Mats
658,NF2300000,Automotive,NF2302000,Car Accessories & Cleaning,NF2302010,Air Fresheners
659,NF2300000,Automotive,NF2302000,Car Accessories & Cleaning,NF2302050,Lubricants & Fluids
660,NF2300000,Automotive,NF2302000,Car Accessories & Cleaning,NF2302060,Ropes & Cables
661,NF2300000,Automotive,NF2301000,Car Audio,NF2301040,Audio Accessories
662,NF9000000,Kiosk,NF9010000,Flowers & Plants,NF9010200,Plants
663,NF9000000,Kiosk,NF9010000,Flowers & Plants,NF9010100,Flowers
664,NF9000000,Kiosk,NF9030000,Books,NF9030100,Non Fiction
665,NF9000000,Kiosk,NF9030000,Books,NF9030300,Fiction
666,NF9000000,Kiosk,NF9030000,Books,NF9030200,Fiction & Non Fiction
667,NF9000000,Kiosk,NF9060000,Gift & Souvenir,NF9060600,Others Souvenir
668,NF9000000,Kiosk,NF9060000,Gift & Souvenir,NF9060300,Souvenir Mug
669,NF9000000,Kiosk,NF9060000,Gift & Souvenir,NF9060100,Magnet
670,NF9000000,Kiosk,NF9060000,Gift & Souvenir,NF9060200,Key Chain
671,NF9000000,Kiosk,NF9060000,Gift & Souvenir,NF9060400,Souvenir Deco
672,NF9000000,Kiosk,NF9060000,Gift & Souvenir,NF9060500,Souvenir Toys
673,NF9000000,Kiosk,NF9050000,Greeting Cards,NF9050100,Gift Card
674,NF9000000,Kiosk,NF9050000,Greeting Cards,NF9050200,Rolls Wrap & Accessories
675,NF9000000,Kiosk,NF9050000,Greeting Cards,NF9050300,Christmas Cards
676,NF9000000,Kiosk,NF9050000,Greeting Cards,NF9050600,Valentines Cards
